Depth,ScanRows,ScanColumns,ScanLargest,BuildSquare,SpiralIn,SpiralInSquare,SpiralOut,SpiralOutSquare,FrameFirstRows,FrameFirstColumns,FrameLastRows,FrameLastColumns
0,0,0,0,0,0,0,0,0,0,0,0,0
1,0.6020599913279623,0.6020599913279623,0.6020599913279623,0.6020599913279623,0.6020599913279623,0.6020599913279623,2.8943160626844247,2.8943160626844247,0.6020599913279623,0.6020599913279623,2.8943160626844247,2.8943160626844247
2,1.5720967679505116,1.5720967679505116,1.5720967679505116,1.5720967679505116,1.5720967679505116,1.5720967679505116,4.547750362734878,4.547750362734878,1.5720967679505116,1.5720967679505116,4.547750362734878,4.547750362734878
3,2.534931566550794,2.534931566550794,2.534931566550794,2.534931566550794,2.534931566550794,2.534931566550794,6.19897127314168,6.19897127314168,2.534931566550794,2.534931566550794,6.19897127314168,6.19897127314168
4,3.4904210714160246,3.4904210714160246,3.4904210714160246,2.95194651574384,3.4904210714160246,3.4904210714160246,6.609365069205104,6.609365069205104,3.4904210714160246,3.4904210714160246,7.847967164787219,7.847967164787219
5,4.438417617754528,4.438417617754528,4.438417617754528,3.9074360206090706,4.438417617754528,4.438417617754528,8.256143418279564,8.256143418279564,4.438417617754528,4.438417617754528,9.494726289236588,9.494726289236588
6,5.378768907426043,5.378768907426043,5.378768907426043,4.3223071190271956,5.378768907426043,5.378768907426043,8.662128357712518,8.662128357712518,5.378768907426043,5.378768907426043,11.13923677685527,11.13923677685527
7,6.311317704369046,6.311317704369046,6.311317704369046,5.270303665365699,6.311317704369046,6.311317704369046,10.3044162276545,10.3044162276545,6.311317704369046,6.311317704369046,12.781486634887806,12.781486634887806
8,7.235901507995855,7.235901507995855,7.235901507995855,5.683018781418593,7.235901507995855,7.235901507995855,10.705943121719152,10.705943121719152,7.235901507995855,7.235901507995855,14.421463745494535,14.421463745494535
9,8.152352202557445,8.152352202557445,8.152352202557445,6.093565674521049,8.152352202557445,8.152352202557445,11.105240883282988,11.105240883282988,8.152352202557445,8.152352202557445,16.059155863747392,16.059155863747392
10,9.060495680181553,9.060495680181553,9.060495680181553,7.033916964192564,9.060495680181553,9.060495680181553,12.740710288848682,12.740710288848682,9.060495680181553,9.060495680181553,17.694550615585,17.694550615585
11,9.960151434953538,9.960151434953538,9.960151434953538,7.442283282787471,9.960151434953538,9.960151434953538,13.135474116528016,13.135474116528016,9.960151434953538,9.960151434953538,19.32763549572116,19.32763549572116
12,10.851132125035221,10.851132125035221,10.851132125035221,7.84845656233535,10.851132125035221,10.851132125035221,13.52796987992103,13.52796987992103,10.851132125035221,10.851132125035221,20.958397865509177,20.958397865509177
13,11.733243099394066,11.733243099394066,11.733243099394066,8.781005359278353,11.733243099394066,11.733243099394066,15.156506943324473,15.156506943324473,11.733243099394066,11.733243099394066,22.58682495076181,22.58682495076181
14,12.606281885234083,12.606281885234083,12.606281885234083,9.184973020208602,12.606281885234083,12.606281885234083,15.544390572312409,15.544390572312409,12.606281885234083,12.606281885234083,24.21290383952141,24.21290383952141
15,13.47003763166979,13.47003763166979,13.47003763166979,9.58672236583223,13.47003763166979,13.47003763166979,15.92996603231478,15.92996603231478,13.47003763166979,13.47003763166979,25.83662147978268,25.83662147978268
16,13.1781624688727,13.1781624688727,13.1781624688727,9.986240580214698,13.1781624688727,13.1781624688727,16.313219578612163,16.313219578612163,13.1781624688727,13.1781624688727,26.219587596102244,26.219587596102244
17,14.033148424612001,14.033148424612001,14.033148424612001,10.910824383841508,14.033148424612001,14.033148424612001,17.932335956616868,17.932335956616868,14.033148424612001,14.033148424612001,26.600220466324288,26.600220466324288
18,14.450163373805047,14.450163373805047,14.878420619658144,11.308098529635537,14.878420619658144,14.878420619658144,18.310869137881497,18.310869137881497,14.878420619658144,14.878420619658144,26.978506036561726,26.978506036561726
19,14.865034472223172,14.865034472223172,15.713741145056503,11.703115545870752,15.713741145056503,15.713741145056503,18.687038640859754,18.687038640859754,15.713741145056503,15.713741145056503,27.354430110887904,27.354430110887904
20,15.277749588276066,15.277749588276066,16.53886108915478,12.095862245701944,16.53886108915478,16.53886108915478,19.060830152097623,19.060830152097623,16.53886108915478,16.53886108915478,27.727978348677865,27.727978348677865
21,15.688296481378522,15.688296481378522,17.353519690155302,13.012312940263534,17.353519690155302,17.353519690155302,20.670307529715643,20.670307529715643,17.353519690155302,17.353519690155302,28.09913626189133,28.09913626189133
22,16.09666279997343,16.09666279997343,18.15744340353787,13.402776008672411,18.15744340353787,18.15744340353787,21.03926581938873,21.03926581938873,18.15744340353787,18.15744340353787,28.46788921230049,28.46788921230049
23,16.50283607952131,16.50283607952131,18.95034487300118,13.790942000125689,18.95034487300118,18.95034487300118,21.40580257000704,21.40580257000704,18.95034487300118,18.95034487300118,28.834222408656416,28.834222408656416
24,16.906803740451558,16.906803740451558,19.731921791716033,14.176797336184087,19.731921791716033,19.731921791716033,21.769902856421993,21.769902856421993,19.731921791716033,19.731921791716033,29.198120903797218,29.198120903797218
25,17.308553086075186,17.308553086075186,20.50185563846307,14.560328303065297,20.50185563846307,20.50185563846307,22.131551594287913,22.131551594287913,20.50185563846307,20.50185563846307,29.55956959169157,29.55956959169157
26,17.708071300457654,17.708071300457654,21.25981027055621,15.468471780689406,21.25981027055621,21.25981027055621,23.7286624589716,23.7286624589716,21.25981027055621,21.25981027055621,29.918553204419425,29.918553204419425
27,18.105345446251683,18.105345446251683,22.005430352221858,15.849664526779485,22.005430352221858,22.005430352221858,24.085329773235486,24.085329773235486,22.005430352221858,22.005430352221858,30.27505630908388,30.27505630908388
28,18.500362462486898,18.500362462486898,22.738339593173876,16.228505060095095,22.738339593173876,22.738339593173876,24.439499575672272,24.439499575672272,22.738339593173876,22.738339593173876,30.629063304655944,30.629063304655944
29,18.89310916231809,18.89310916231809,23.458138767315617,16.60497924569014,23.458138767315617,23.458138767315617,24.791156110979045,24.791156110979045,23.458138767315617,23.458138767315617,32.218487340673335,32.218487340673335
30,19.283572230726968,19.283572230726968,24.164403475581047,16.97907280301029,24.164403475581047,24.164403475581047,25.140283448942,25.140283448942,24.164403475581047,24.164403475581047,32.5674222047065,32.5674222047065
31,19.671738222180245,19.671738222180245,23.710553573911575,17.878728557782274,23.710553573911575,23.710553573911575,26.724650653273926,26.724650653273926,24.856681609589813,24.856681609589813,32.91381339056963,32.91381339056963
32,19.278863802631733,19.278863802631733,24.12756852310462,18.250427057963016,24.40415669513858,24.40415669513858,27.068639881243115,27.068639881243115,25.53449046363359,25.53449046363359,33.25764458836443,33.25764458836443
33,20.114184328030092,20.114184328030092,24.542439621522746,18.61971592107117,25.08337007868714,25.08337007868714,27.410051298452714,27.410051298452714,26.197313430993972,26.197313430993972,33.59889930322748,33.59889930322748
34,20.500073960891257,20.500073960891257,24.95515473757564,18.986580413284806,25.747686192980964,25.747686192980964,27.748868237434152,27.748868237434152,26.84459620598902,26.84459620598902,33.93756085171603,33.93756085171603
35,20.883638926169226,20.883638926169226,25.365701630678096,19.351005644014954,26.396561148419494,26.396561148419494,28.08507383820421,28.08507383820421,27.47574239446712,27.47574239446712,34.273612358108835,34.273612358108835
36,21.264865375932743,21.264865375932743,25.774067949273004,19.712976562962076,27.029410570997115,27.029410570997115,28.418651044481976,28.418651044481976,28.090108411350727,28.090108411350727,34.60703675061788,34.60703675061788
37,21.643739321825905,21.643739321825905,26.180241228820883,20.603957253043767,27.645604827218932,27.645604827218932,29.98719930995128,29.98719930995128,28.68699751237716,28.68699751237716,34.937816757511655,34.937816757511655
38,22.020246632475875,22.020246632475875,26.58420888975113,20.963458647191224,28.24446346663109,28.24446346663109,30.315437941929645,30.315437941929645,29.265652765701027,29.265652765701027,35.26593490314292,35.26593490314292
39,22.39437303084881,22.39437303084881,26.98595823537476,21.320475137731442,28.82524871366035,28.82524871366035,30.640996037724506,30.640996037724506,29.82524871366035,29.82524871366035,35.591373503882096,35.591373503882096
40,22.766104091548527,22.766104091548527,27.385476449757228,21.67499117692264,29.38715779486568,29.38715779486568,30.963855713290798,30.963855713290798,30.36488140015453,30.36488140015453,35.91411466394925,35.91411466394925
41,23.135425238057906,23.135425238057906,27.782750595551256,22.02699104487595,29.929313826991716,29.929313826991716,31.283998867990988,31.283998867990988,30.88355633643104,30.88355633643104,36.234140271144156,36.234140271144156
42,23.502321739921427,23.502321739921427,28.17776761178647,22.376458846269422,30.45075490940495,30.45075490940495,31.601407180222452,31.601407180222452,31.380173835119237,31.380173835119237,36.551431992471464,36.551431992471464
43,23.8667787098656,23.8667787098656,28.570514311617664,23.25856982062826,30.950420952898043,30.950420952898043,33.153517828337385,33.153517828337385,31.853510939889986,31.853510939889986,38.10348470034472,38.10348470034472
44,24.22878110085776,24.22878110085776,28.96097738002654,23.605489481343085,31.42713762271707,31.42713762271707,33.46537208044401,33.46537208044401,32.30219888610877,32.30219888610877,38.41522377544993,38.41522377544993
45,24.588313703100113,24.588313703100113,29.34914337147982,23.94984474502658,31.87959655814703,31.87959655814703,33.77443538291084,33.77443538291084,31.87959655814703,31.87959655814703,38.72417282975573,38.72417282975573
46,24.945361140955583,24.945361140955583,28.80459987811217,24.291619169570453,31.16020269015698,31.16020269015698,34.08068848163555,34.08068848163555,32.306330725835224,32.306330725835224,39.0303125983379,39.0303125983379
47,25.29990786980713,25.29990786980713,29.190489510973336,24.630796123511374,31.591739973458914,31.591739973458914,34.38411187800273,34.38411187800273,32.70568332576575,32.70568332576575,39.33362357191561,39.33362357191561
48,24.88735073594168,24.88735073594168,29.574054476251305,24.967358782341563,31.996586780438847,31.996586780438847,34.68468582379313,34.68468582379313,33.07576802648647,33.07576802648647,39.634085991759434,39.634085991759434
49,25.70200933694221,25.70200933694221,29.955280926014822,25.301290124734436,32.373024646104454,32.373024646104454,34.98239031596091,34.98239031596091,33.41441733126268,33.41441733126268,39.93167984446592,39.93167984446592
50,26.054069948913963,26.054069948913963,30.334154871907984,26.17432891057446,32.71911430050642,32.71911430050642,36.51447956071016,36.51447956071016,33.71911430050642,33.71911430050642,40.226384856592205,40.226384856592205
51,26.403597992736337,26.403597992736337,30.710662182557954,26.50561171451939,33.03265752349901,33.03265752349901,36.80635702716424,36.80635702716424,33.98690003293834,33.98690003293834,40.518180489149444,40.518180489149444
52,26.750577400245987,26.750577400245987,31.08478858093089,26.834228553361882,33.31115354641517,33.31115354641517,37.095303659792876,37.095303659792876,34.214243533407114,34.214243533407114,40.80704593194736,40.80704593194736
53,27.094991920956062,27.094991920956062,31.456519641630607,27.160161791747853,33.55174907911892,33.55174907911892,37.38129837875181,37.38129837875181,34.39684711913317,34.39684711913317,41.09296009778495,41.09296009778495
54,27.436825118540725,27.436825118540725,31.825840788139985,27.483393581468604,33.75117446864972,33.75117446864972,37.664319821112514,37.664319821112514,34.529325719033366,34.529325719033366,41.375901616482594,41.375901616482594
55,27.776060367232247,27.776060367232247,32.19273729000351,27.8039058572012,33.90563215540867,33.90563215540867,37.94434633473358,37.94434633473358,34.60460215974469,34.60460215974469,41.65584882875177,41.65584882875177
56,28.112680848135852,28.112680848135852,32.55719425994768,28.121680332144265,34.01051791573465,34.01051791573465,38.22135597195964,38.22135597195964,34.612577907062615,34.612577907062615,41.93277977989109,41.93277977989109
57,28.44666954545673,28.44666954545673,32.91919665093984,28.98543607857998,34.05960551531783,34.05960551531783,39.73242877228421,39.73242877228421,34.53672677003749,34.53672677003749,43.44381346572311,43.44381346572311
58,28.77800924263468,28.77800924263468,33.27872925318219,29.300454239979373,34.04259224365887,34.04259224365887,40.00331187328641,40.00331187328641,34.343622239322855,34.343622239322855,43.71461879054789,43.71461879054789
59,29.10668251838669,29.10668251838669,33.63577669103766,29.61269734453934,33.937057814009606,33.937057814009606,40.27111061328034,40.27111061328034,33.937057814009606,33.937057814009606,43.982340352454884,43.982340352454884
60,29.432671742652616,29.432671742652616,33.07728243463289,29.92214641371673,33.67048332771114,33.67048332771114,40.53580179372511,40.53580179372511,33.67048332771114,33.67048332771114,44.246954946202095,44.246954946202095
61,29.755959072439992,29.755959072439992,33.43185972547404,30.22878222889601,34.087498276904185,34.087498276904185,40.79736188631739,40.79736188631739,34.087498276904185,34.087498276904185,44.508439036880986,44.508439036880986
62,30.07652644756726,30.07652644756726,33.78392033744579,30.532585326435637,34.50236937532231,34.50236937532231,41.055767025531736,41.055767025531736,34.50236937532231,34.50236937532231,44.766768752454595,44.766768752454595
63,30.394355586300463,30.394355586300463,34.13344838126817,30.83353599258855,34.915084491375204,34.915084491375204,41.310993000942375,41.310993000942375,34.915084491375204,34.915084491375204,45.02191987607668,45.02191987607668
64,29.961018388462847,29.961018388462847,34.48042778877782,31.13161425828575,35.32563138447766,35.32563138447766,41.56301524931408,41.56301524931408,35.32563138447766,35.32563138447766,45.27386783818346,45.27386783818346
65,30.75391985792615,30.75391985792615,34.82484230948789,31.985867131166913,35.73399770307257,35.73399770307257,43.048722899916726,43.048722899916726,35.73399770307257,35.73399770307257,45.522587708349846,45.522587708349846
66,31.069019209156266,31.069019209156266,35.166675507072554,32.28105276666318,36.14017098262045,36.14017098262045,43.29423825263231,43.29423825263231,36.14017098262045,36.14017098262045,45.76805418690046,45.76805418690046
67,31.38134286683757,31.38134286683757,35.50591075576408,32.57332527604032,36.544138643550696,36.544138643550696,43.536474170452664,43.536474170452664,36.544138643550696,36.544138643550696,46.01024159626712,46.01024159626712
68,31.690871859678026,31.690871859678026,35.84253123666768,32.86266389156367,36.945887989174324,36.945887989174324,43.77540459301045,43.77540459301045,36.945887989174324,36.945887989174324,46.24912387207988,46.24912387207988
69,31.997586976209192,31.997586976209192,36.17651993398856,33.149047567880984,37.34540620355679,37.34540620355679,44.011003063899864,44.011003063899864,37.34540620355679,37.34540620355679,46.48467455398628,46.48467455398628
70,32.30146875983556,32.30146875983556,36.50785963116651,33.43245497606537,37.74268034935082,37.74268034935082,44.24324272120964,44.24324272120964,37.74268034935082,37.74268034935082,46.71686677618379,46.71686677618379
71,32.6024975037536,32.6024975037536,36.83653290691852,33.71286449749428,38.137697365586035,38.137697365586035,44.47209628776082,44.47209628776082,38.137697365586035,38.137697365586035,48.18247937771949,48.18247937771949
72,32.90065324573939,32.90065324573939,37.162522131184446,33.99025421755428,38.53044406541723,38.53044406541723,44.69753606103359,44.69753606103359,38.53044406541723,38.53044406541723,48.40784891313774,48.40784891313774
73,33.19591576279623,33.19591576279623,37.48580946097182,34.83477473961538,38.920907133826105,38.920907133826105,46.15627004187331,46.15627004187331,38.920907133826105,38.920907133826105,48.62977703219576,48.62977703219576
74,33.48826456565928,33.48826456565928,36.91281010790699,35.10912244123706,38.07092651068473,38.07092651068473,46.37477438075899,46.37477438075899,38.07092651068473,38.07092651068473,48.84823514464068,48.84823514464068
75,33.777678893151545,33.777678893151545,37.233404869066035,35.380405598240316,38.45681614354589,38.45681614354589,46.58977932830717,46.58977932830717,38.45681614354589,38.45681614354589,49.06319420276171,49.06319420276171
76,34.064137706386504,34.064137706386504,37.55126117790594,35.648601368493104,38.84038110882386,38.84038110882386,46.801255371515396,46.801255371515396,38.84038110882386,38.84038110882386,49.274624689951594,49.274624689951594
77,34.34761968281208,34.34761968281208,37.86636052913606,35.91368658687543,39.22160755858738,39.22160755858738,47.00917251662054,47.00917251662054,39.22160755858738,39.22160755858738,49.48249660889098,49.48249660889098
78,34.62810321008999,34.62810321008999,38.178684186817364,36.17563775803592,39.60048150448054,39.60048150448054,47.21350027689144,47.21350027689144,39.60048150448054,39.60048150448054,49.68677946934102,49.68677946934102
79,34.90556637980518,34.90556637980518,38.48821317965782,36.43443104894112,39.97698881513051,39.97698881513051,47.414207660010845,47.414207660010845,39.97698881513051,39.97698881513051,49.88744227552553,49.88744227552553
80,34.45025354475604,34.45025354475604,38.794928296188985,36.6900422812017,40.35111521350345,40.35111521350345,47.61126315503188,47.61126315503188,40.35111521350345,40.35111521350345,50.08445351308498,50.08445351308498
81,35.220187391503075,35.220187391503075,39.09881007981535,36.94244692317429,40.722846274203164,40.722846274203164,47.804634718888195,47.804634718888195,40.722846274203164,40.722846274203164,50.277781135586764,50.277781135586764
82,35.49463211103286,35.49463211103286,39.39983882373339,37.7769952528287,41.09216742071254,41.09216742071254,49.23083572235427,49.23083572235427,41.09216742071254,41.09216742071254,50.46739255056977,50.46739255056977
83,35.76601156251286,35.76601156251286,39.697994565719185,38.026168411480825,41.459063922576064,41.459063922576064,49.416719474902806,49.416719474902806,41.459063922576064,41.459063922576064,50.6532546051038,50.6532546051038
84,36.03430291170437,36.03430291170437,39.993257082776026,38.27208482401002,41.823520892520236,41.823520892520236,49.59881998511554,49.59881998511554,41.823520892520236,41.823520892520236,50.835333570842465,50.835333570842465
85,36.29948300127097,36.29948300127097,40.28560588563907,38.514718849208634,42.185523283512396,42.185523283512396,49.777102935352445,49.777102935352445,42.185523283512396,42.185523283512396,52.25009799911368,52.25009799911368
86,36.56152834353696,36.56152834353696,40.57502021313134,38.7540444585654,42.54505588575475,42.54505588575475,49.95153340103087,49.95153340103087,42.54505588575475,42.54505588575475,52.424485905467066,52.424485905467066
87,36.820415113037484,36.820415113037484,39.98690710771767,38.99003522709165,41.66439568365689,41.66439568365689,50.12207583401752,50.12207583401752,42.90210332361022,42.90210332361022,52.59498607751706,52.59498607751706
88,37.076119138848554,37.076119138848554,40.27339077685876,39.2226643238609,42.01897297449804,42.01897297449804,50.288694045418026,50.288694045418026,42.01897297449804,42.01897297449804,52.761562323286114,52.761562323286114
89,37.32861589668906,37.32861589668906,40.556897421728436,39.45190450225331,42.37103358646979,42.37103358646979,50.45135118773223,50.45135118773223,42.37103358646979,42.37103358646979,52.92417779223294,52.92417779223294
90,37.57788050078668,37.57788050078668,40.83740543205495,39.67772808989076,42.72056163029217,42.72056163029217,50.61000973635001,50.61000973635001,42.72056163029217,42.72056163029217,53.0827949567454,53.0827949567454
91,37.82388769549996,37.82388769549996,41.1148929014595,40.502053230987656,43.06754103780182,43.06754103780182,52.000998412200744,52.000998412200744,43.06754103780182,43.06754103780182,53.237375592942755,53.237375592942755
92,38.06661184668519,38.06661184668519,41.38933762098928,40.724432119347455,43.41195555851189,43.41195555851189,52.15152402246102,52.15152402246102,43.41195555851189,43.41195555851189,53.387880760749255,53.387880760749255
93,38.30602693279772,38.30602693279772,41.660717072469296,40.9433377530421,43.753788756096554,43.753788756096554,52.29793434676952,52.29793434676952,43.753788756096554,43.753788756096554,53.53427078320948,53.53427078320948
94,38.54210653572045,38.54210653572045,41.92900842166081,41.15874111875084,44.09302400478808,44.09302400478808,52.44018895123702,52.44018895123702,44.09302400478808,44.09302400478808,53.67650522500651,53.67650522500651
95,38.77482383130581,38.77482383130581,42.19418851122741,41.37061273378933,44.42964448569168,44.42964448569168,52.578246621273706,52.578246621273706,44.42964448569168,44.42964448569168,53.81454287014185,53.81454287014185
96,38.296221635183485,38.296221635183485,42.456233853493416,41.57892263430182,44.76363318301256,44.76363318301256,52.71206533839262,52.71206533839262,44.76363318301256,44.76363318301256,53.94834169873849,53.94834169873849
97,39.04184171684912,39.04184171684912,42.715120622993936,41.783640363060584,45.09497288019051,45.09497288019051,52.841602256094916,52.841602256094916,45.09497288019051,45.09497288019051,54.07785886292402,54.07785886292402
98,39.27119116317874,39.27119116317874,42.97082464880501,41.98473495685482,45.42364615594252,45.42364615594252,52.96681367478055,52.96681367478055,45.42364615594252,45.42364615594252,54.203050661745635,54.203050661745635
99,39.4971232429161,39.4971232429161,43.22332140664551,42.1821749334529,45.749635380208446,45.749635380208446,53.08765501565159,53.08765501565159,45.749635380208446,45.749635380208446,55.560099741801025,55.560099741801025
100,39.719609855645075,39.719609855645075,42.61948049620136,42.37592827811832,44.83560724263717,44.83560724263717,53.20408079353746,53.20408079353746,46.07292270999582,46.07292270999582,55.67648674124581,55.67648674124581
101,39.93862245397625,39.93862245397625,42.868767754393076,43.189767211806895,45.15620200379621,45.15620200379621,54.552223504603944,54.552223504603944,46.39349008512309,46.39349008512309,55.78841201790499,55.78841201790499
102,40.154132032479424,40.154132032479424,43.11479743959248,43.37980136335085,45.47405831263612,45.47405831263612,54.65965883441464,54.65965883441464,45.47405831263612,45.47405831263612,55.89582818521893,55.89582818521893
103,40.36610911625576,40.36610911625576,43.35754391939162,43.56608319969706,45.789157663866234,45.789157663866234,54.76253654571457,54.76253654571457,45.789157663866234,45.789157663866234,55.99868686179303,55.99868686179303
104,40.574523749130634,40.574523749130634,43.59698117395763,43.74857902294278,46.10148132154754,46.10148132154754,54.860807231497915,54.860807231497915,46.10148132154754,46.10148132154754,56.096938639361156,56.096938639361156
105,40.77934548145572,40.77934548145572,43.83308278686246,43.927254543887756,46.411010314387994,46.411010314387994,54.95442042445137,54.95442042445137,46.411010314387994,46.411010314387994,56.19053304936432,56.19053304936432
106,40.98054335749842,40.98054335749842,44.0658219356244,44.10207486601067,46.71772543091916,46.71772543091916,55.043324562072996,55.043324562072996,46.71772543091916,46.71772543091916,56.279418528072654,56.279418528072654
107,41.17808590240605,41.17808590240605,44.29517138195402,44.27300446887119,47.021607214545526,47.021607214545526,55.12746695025413,55.12746695025413,47.021607214545526,47.021607214545526,56.36354238016344,56.36354238016344
108,41.3719411087248,41.3719411087248,44.52110346169138,44.440007190899934,47.322635958463565,47.322635958463565,55.20679372523307,55.20679372523307,47.322635958463565,47.322635958463565,56.44285074067841,56.44285074067841
109,41.56207642245187,41.56207642245187,44.743590074420354,44.60304621156541,47.62079170044936,47.62079170044936,55.281249813834165,55.281249813834165,47.62079170044936,47.62079170044936,56.51728853525856,56.51728853525856
110,41.748458728602316,41.748458728602316,44.96260267275153,44.762084032870234,47.9160542175062,47.9160542175062,55.35077889188773,55.35077889188773,47.9160542175062,47.9160542175062,56.58679943856663,56.58679943856663
111,41.93105433627127,41.93105433627127,45.1781122512547,45.56516076132095,48.208403020369246,48.208403020369246,56.65132583078588,56.65132583078588,48.208403020369246,48.208403020369246,56.65132583078588,56.65132583078588
112,41.42770697039421,41.42770697039421,44.55786714117565,45.720159188610864,47.26082928700933,47.26082928700933,56.710808752087644,56.710808752087644,48.49781734786151,48.49781734786151,56.710808752087644,56.710808752087644
113,42.14750614453595,42.14750614453595,44.769865097980215,45.871079310655205,47.54731295615042,47.54731295615042,56.765187854943576,56.765187854943576,48.78427616109647,48.78427616109647,58.001163479059585,58.001163479059585
114,42.32630039129424,42.32630039129424,44.978300458879744,46.01788147896812,47.830819601020096,47.830819601020096,56.81440135415693,56.81440135415693,49.06775813752205,49.06775813752205,58.050359212008004,58.050359212008004
115,42.501238635259426,42.501238635259426,45.18314277571076,46.160525286330966,48.11132761134661,48.11132761134661,56.858385974469684,56.858385974469684,49.34824166479996,49.34824166479996,58.0943261802563,58.0943261802563
116,42.672285364037265,42.672285364037265,45.384361094207236,46.29896954448006,48.38881508075116,48.38881508075116,56.89707689560356,56.89707689560356,48.38881508075116,48.38881508075116,58.132999562437305,58.132999562437305
117,42.83940442400302,42.83940442400302,45.58192394096315,46.433172260914176,48.66325980028094,48.66325980028094,56.93040769456968,56.93040769456968,48.66325980028094,48.66325980028094,58.166312934486086,58.166312934486086
118,43.00255900246438,43.00255900246438,45.77579930995236,46.56309061478427,48.934639251760956,48.934639251760956,56.95831028507746,56.95831028507746,48.934639251760956,48.934639251760956,58.19419820904977,58.19419820904977
119,43.161711609163746,43.161711609163746,45.96595464858078,46.688680931811746,49.20293060095247,49.20293060095247,56.980714853857194,56.980714853857194,49.20293060095247,49.20293060095247,58.216585571809105,58.216585571809105
120,43.316824057086166,43.316824057086166,46.1523568432535,46.809898658193674,49.46811069051907,49.46811069051907,56.99754979369891,56.99754979369891,49.46811069051907,49.46811069051907,58.23340341451842,58.23340341451842
121,43.467857442543306,43.467857442543306,46.334972204439225,46.92669833343564,49.73015603278506,49.73015603278506,57.00874163299028,57.00874163299028,49.73015603278506,49.73015603278506,58.24457826454153,58.24457826454153
122,43.6147721244935,43.6147721244935,46.51376645119751,47.71872282351853,49.98904280228558,49.98904280228558,58.25003471066003,58.25003471066003,49.98904280228558,49.98904280228558,58.25003471066003,58.25003471066003
123,43.7575277030688,43.7575277030688,46.6887046951627,47.83105805214558,50.24474682809665,50.24474682809665,58.24969532489598,58.24969532489598,50.24474682809665,50.24474682809665,58.24969532489598,58.24969532489598
124,43.89608299726066,43.89608299726066,46.05135552972877,47.938881474228424,49.26055325291537,49.26055325291537,58.243480580085475,58.243480580085475,50.497243585937156,50.497243585937156,58.243480580085475,58.243480580085475
125,44.03039602173274,44.03039602173274,46.22242155005168,48.042144734665385,49.509840511107086,49.509840511107086,58.23130876290145,58.23130876290145,50.746508190034774,50.746508190034774,58.23130876290145,58.23130876290145
126,44.16042396270845,44.16042396270845,46.38955977251419,48.14079845114844,49.75587019630649,49.75587019630649,58.21309588201626,58.21309588201626,50.99251538474806,50.99251538474806,58.21309588201626,58.21309588201626
127,44.28612315289345,44.28612315289345,46.55273338570137,48.234792180749196,49.99861667610563,49.99861667610563,58.188755571050706,58.188755571050706,51.23523953593329,51.23523953593329,59.42450064513878,59.42450064513878
128,43.75640331074092,43.75640331074092,46.71190490061596,48.32407438504447,50.23805393067164,50.23805393067164,58.158198985943045,58.158198985943045,51.47465462204582,51.47465462204582,59.3939277477823,59.3939277477823
129,44.448681444749724,44.448681444749724,46.867036131488675,48.408592393701156,50.47415554357647,50.47415554357647,58.12133469632232,58.12133469632232,51.71073422496855,51.71073422496855,59.357047246488435,59.357047246488435
130,44.57002516101457,44.57002516101457,47.018088175859106,48.488292366435246,50.70689469233841,50.70689469233841,58.07806857044716,58.07806857044716,50.70689469233841,50.70689469233841,59.31376500859392,59.31376500859392
131,44.686950011145456,44.686950011145456,47.16502139389968,48.56311925325468,50.93624413866803,50.93624413866803,58.02830365322575,58.02830365322575,50.93624413866803,50.93624413866803,59.26398407809495,59.26398407809495
132,44.79940960748738,44.79940960748738,47.30779538693895,48.63301675288392,51.16217621840539,51.16217621840539,57.97194003678652,57.97194003678652,51.16217621840539,51.16217621840539,59.207604546219784,59.207604546219784
133,44.907356597833,44.907356597833,47.446368975151756,49.41368376593019,51.384662831134364,51.384662831134364,59.14452341397083,59.14452341397083,51.384662831134364,51.384662831134364,59.14452341397083,59.14452341397083
134,45.01074263470596,45.01074263470596,47.580700174369326,49.478594282315186,51.60367542946554,51.60367542946554,59.074634446014386,59.074634446014386,51.60367542946554,51.60367542946554,59.074634446014386,59.074634446014386
135,45.109518343328745,45.109518343328745,46.92547391772524,49.538458879095,50.582745641667884,50.582745641667884,58.99782801521559,58.99782801521559,51.81918500796871,51.81918500796871,58.99782801521559,58.99782801521559
136,45.20363328821114,45.20363328821114,47.05553791331272,49.59321723191766,50.79474359847245,50.79474359847245,58.913990937063545,58.913990937063545,52.031162091745045,52.031162091745045,58.913990937063545,58.913990937063545
137,45.293035938274585,45.293035938274585,47.181272924704274,49.642807578476834,51.00317895937198,51.00317895937198,58.82300629315324,58.82300629315324,52.23957672461992,52.23957672461992,58.82300629315324,58.82300629315324
138,45.37767363044068,45.37767363044068,47.30263440723405,49.68716666612249,51.208021276203,51.208021276203,58.72475324279469,58.72475324279469,52.44439845694501,52.44439845694501,58.72475324279469,58.72475324279469
139,45.45749253159053,45.45749253159053,47.419576909429395,49.72622969690741,51.40923959469947,51.40923959469947,58.61910682174732,58.61910682174732,52.64559633298771,52.64559633298771,58.61910682174732,58.61910682174732
140,45.532437598809764,45.532437598809764,47.53205404472419,49.759930269899314,51.606802441455386,51.606802441455386,58.505937726947764,58.505937726947764,52.84313887789534,52.84313887789534,58.505937726947764,58.505937726947764
141,45.60245253781309,45.60245253781309,47.640018461987154,49.78820032059434,51.8006778104446,51.8006778104446,58.38511208600016,58.38511208600016,53.036994084214086,53.036994084214086,59.620645141614204,59.620645141614204
142,45.66747975945242,45.66747975945242,47.74342181480421,49.81097005724405,51.99083314907301,51.99083314907301,58.256491210054264,58.256491210054264,53.227129397941155,53.227129397941155,59.49200923681201,59.49200923681201
143,45.7274603341869,45.7274603341869,47.84221472944739,49.82816789389847,52.177235343745735,52.177235343745735,58.11993132853786,58.11993132853786,53.413511704091604,53.413511704091604,59.35543441544769,59.35543441544769
144,45.16953228289702,45.16953228289702,47.93634677146218,49.839720379946414,52.35985070493146,52.35985070493146,57.97528330406561,57.97528330406561,52.35985070493146,52.35985070493146,59.21077153934897,59.21077153934897
145,45.83235525025742,45.83235525025742,48.02576641079389,50.60870817135327,52.53864495168975,52.53864495168975,59.05786579671775,59.05786579671775,52.53864495168975,52.53864495168975,59.05786579671775,59.05786579671775
146,45.88724512231926,45.88724512231926,47.351847314949254,50.61453991733498,51.47737539080882,51.47737539080882,58.89655637147712,58.89655637147712,52.713583195654934,52.713583195654934,58.89655637147712,58.89655637147712
147,45.93696617409995,45.93696617409995,47.43651871889355,50.61457351676887,51.64844141113173,51.64844141113173,58.726676086426664,58.726676086426664,52.88462992443277,52.88462992443277,58.726676086426664,58.726676086426664
148,45.981455160442806,45.981455160442806,47.51637112060749,50.60872946372649,51.81557963359424,51.81557963359424,58.54805101755886,58.54805101755886,53.05174898439853,53.05174898439853,58.54805101755886,58.54805101755886
149,46.020647290803424,46.020647290803424,47.59134947914234,50.59692606586384,51.97875324678142,51.97875324678142,58.3605000765624,58.3605000765624,53.21490356285989,53.21490356285989,58.3605000765624,58.3605000765624
150,46.054476171562555,46.054476171562555,47.661397502156746,50.579079352582255,52.13792476169601,52.13792476169601,58.163834558161795,58.163834558161795,53.37405616955925,53.37405616955925,58.163834558161795,58.163834558161795
151,46.08287374544295,46.08287374544295,47.72645760242045,50.55510297798617,52.293055992568725,52.293055992568725,57.95785764851735,57.95785764851735,53.52916861748167,53.52916861748167,57.95785764851735,57.95785764851735
152,46.10577022783639,46.10577022783639,47.786470852289824,50.524908118251346,52.444108036939156,52.444108036939156,57.74236389039504,57.74236389039504,53.68020200293881,53.68020200293881,57.74236389039504,57.74236389039504
153,46.12309403984602,46.12309403984602,47.8413769360248,50.48840336300378,52.59104125497973,52.59104125497973,57.517138600259216,57.517138600259216,53.827116684889035,53.827116684889035,57.517138600259216,57.517138600259216
154,46.134771737832864,46.134771737832864,47.89111409982485,50.44549460026451,52.733815248019,52.733815248019,57.281957231751846,57.281957231751846,53.96987226346434,53.96987226346434,57.281957231751846,57.281957231751846
155,46.14072793922395,46.14072793922395,47.93561909944526,50.39608489446698,52.872388836231806,52.872388836231806,57.03658467925368,57.03658467925368,54.1084275576562,54.1084275576562,58.27192210874671,58.27192210874671
156,46.14088524434459,46.14088524434459,47.24210267659453,50.340074357036826,51.77070853177602,51.77070853177602,56.780774514304085,56.780774514304085,54.24274058212828,54.24274058212828,58.01609805309363,58.01609805309363
157,46.135164153992946,46.135164153992946,47.28132658924034,51.09704322661946,51.9007725273635,51.9007725273635,57.74957787380674,57.74957787380674,54.372768523103986,54.372768523103986,57.74957787380674,57.74957787380674
158,46.12348298247048,46.12348298247048,47.31518705882229,51.03432887851818,52.026507538755055,52.026507538755055,57.47208989405374,57.47208989405374,53.262483162871064,53.262483162871064,57.47208989405374,57.47208989405374
159,46.10575776574939,46.10575776574939,47.34361602981562,50.96480450413594,52.14786902128483,52.14786902128483,57.18334833114699,57.18334833114699,53.38382687913591,53.38382687913591,57.18334833114699,57.18334833114699
160,45.517529994986944,45.517529994986944,47.366543719343326,50.88836049583176,52.264811523480176,52.264811523480176,56.88305216769277,56.88305216769277,53.500751729266796,53.500751729266796,56.88305216769277,56.88305216769277
161,46.148676183465,46.148676183465,47.38389855022183,50.804883688361485,52.37728865877497,52.37728865877497,56.57088389900042,56.57088389900042,53.61321132560872,53.61321132560872,56.57088389900042,56.57088389900042
162,46.124835477779754,46.124835477779754,47.395607080501975,50.71425718236037,52.485253076037935,52.485253076037935,56.24650813930941,56.24650813930941,53.72115831595434,53.72115831595434,56.24650813930941,56.24650813930941
163,46.09477548225101,46.09477548225101,47.401593929283365,50.6163601559586,52.58865642885499,52.58865642885499,55.9095700663683,55.9095700663683,53.8245443528273,53.8245443528273,55.9095700663683,55.9095700663683
164,46.05840479361859,46.05840479361859,47.401781698542266,50.51106766351796,52.68744934349817,52.68744934349817,55.55969368022937,55.55969368022937,53.923320061450084,53.923320061450084,55.55969368022937,55.55969368022937
165,46.01562930693302,46.01562930693302,47.39609089070893,50.39825042036097,52.781581385512965,52.781581385512965,55.19647984766317,55.19647984766317,54.01743500633248,54.01743500633248,55.19647984766317,55.19647984766317
166,45.966352093578564,45.966352093578564,46.682006443111845,50.27777457226756,51.635172847794735,51.635172847794735,54.81950409814624,54.81950409814624,54.106837656395925,54.106837656395925,54.81950409814624,54.81950409814624
167,45.910473271849355,45.910473271849355,46.670370358355854,50.1495014483516,51.71984425173903,51.71984425173903,54.42831413068211,54.42831413068211,54.19147534856202,54.19147534856202,54.42831413068211,54.42831413068211
168,45.84788986949695,45.84788986949695,46.652689961375415,50.01328729580172,51.79969665345297,51.79969665345297,54.02242698241031,54.02242698241031,54.27129424971187,54.27129424971187,54.02242698241031,54.02242698241031
169,45.778495677624505,45.778495677624505,46.628878915123664,49.86898299478764,51.87467501198782,51.87467501198782,53.60132579964221,53.60132579964221,54.346239316931104,54.346239316931104,54.83648216980447,54.83648216980447
170,45.702181095225114,45.702181095225114,46.5988484045223,50.613573665322804,51.94472303500223,51.94472303500223,54.3995996322725,54.3995996322725,54.41625425593443,54.41625425593443,54.3995996322725,54.3995996322725
171,45.6188329636139,45.6188329636139,46.56250702784206,50.46102442217813,52.00978313526596,52.00978313526596,53.946352396905695,53.946352396905695,54.48128147757373,54.48128147757373,53.946352396905695,53.946352396905695
172,45.52833438991058,45.52833438991058,46.51976068164663,50.30006943875253,52.069796385135334,52.069796385135334,53.47609739958489,53.47609739958489,53.30552514697459,53.30552514697459,53.47609739958489,53.47609739958489
173,45.43056455865661,45.43056455865661,46.4705124388164,50.13054155556733,52.12470246887034,52.12470246887034,52.98813907279566,52.98813907279566,53.360415019036424,53.360415019036424,52.98813907279566,52.98813907279566
174,45.32539853055022,45.32539853055022,46.414662419122976,49.9522668661362,52.174439632670385,52.174439632670385,52.48172263909538,52.48172263909538,53.410136070817146,53.410136070817146,52.48172263909538,52.48172263909538
175,45.212707027181466,45.212707027181466,45.67892752729534,49.76506429947051,50.98327217731401,50.98327217731401,51.95602621140381,51.95602621140381,53.45462505716,53.45462505716,51.95602621140381,51.95602621140381
176,44.5917701931736,44.5917701931736,45.61638701527562,49.56874516742283,51.022496089959816,51.022496089959816,51.410151422368585,51.410151422368585,53.49381718752062,53.49381718752062,51.410151422368585,51.410151422368585
177,45.18865929420002,45.18865929420002,45.54703546589968,49.363112673087585,51.05635655954177,51.05635655954177,50.843112223655794,50.843112223655794,53.52764606827975,53.52764606827975,50.843112223655794,50.843112223655794
178,45.0683221616826,45.0683221616826,45.4707632802984,49.14796137597682,51.0847855305351,51.0847855305351,50.25382138536884,50.25382138536884,53.55604364216015,53.55604364216015,50.25382138536884,50.25382138536884
179,44.94018696365566,44.94018696365566,45.38745730189896,48.923076609111774,51.107713220062806,51.107713220062806,49.64107407319955,49.64107407319955,53.57894012455358,53.57894012455358,49.64107407319955,49.64107407319955
180,44.804109954019,44.804109954019,45.297000639909754,48.6882338425076,51.12506805094131,51.12506805094131,49.003527667180435,49.003527667180435,53.59626393656322,53.59626393656322,49.003527667180435,49.003527667180435
181,44.659942019578466,44.659942019578466,45.199272480937,48.44319798673473,51.136776581221454,51.136776581221454,48.339676681292985,48.339676681292985,53.60794163455006,53.60794163455006,48.339676681292985,48.339676681292985
182,44.50752837322989,44.50752837322989,45.09414788772051,48.187722629344194,51.142763430002844,51.142763430002844,47.64782120070913,47.64782120070913,53.613897835941145,53.613897835941145,47.64782120070913,47.64782120070913
183,44.346708223311055,44.346708223311055,44.98149758386944,48.9195544265242,51.142951199261745,51.142951199261745,48.16101490775452,48.16101490775452,53.61405514106178,53.61405514106178,48.16101490775452,48.16101490775452
184,44.17731441676091,44.17731441676091,44.22293191491565,48.65338099303665,49.90173486141805,49.90173486141805,47.40704762248248,47.40704762248248,53.60833405071014,53.60833405071014,47.40704762248248,47.40704762248248
185,43.9991730534382,43.9991730534382,44.10263563259241,48.376237822951566,49.89009877666206,49.89009877666206,46.6183421397518,46.6183421397518,53.59665287918767,53.59665287918767,46.6183421397518,46.6183421397518
186,43.81210306863005,43.81210306863005,43.97454105433599,48.08783914973145,49.87241837968162,49.87241837968162,45.79187187892825,45.79187187892825,52.34341711670908,52.34341711670908,45.79187187892825,45.79187187892825
187,43.61591578039497,43.61591578039497,43.838504435986806,47.78788397195672,49.84860733342987,49.84860733342987,44.924032591087325,44.924032591087325,52.31957641102383,52.31957641102383,44.924032591087325,44.924032591087325
188,43.410414397966235,43.410414397966235,43.694376666270216,47.476054800735085,49.818576822828504,49.818576822828504,44.01045934779995,44.01045934779995,52.289516415495086,52.289516415495086,44.01045934779995,44.01045934779995
189,43.19539348692609,43.19539348692609,43.54200295998015,47.15201626593182,49.78223544614826,49.78223544614826,43.045756996303226,43.045756996303226,52.25314572686267,52.25314572686267,43.045756996303226,43.045756996303226
190,42.97063838630072,42.97063838630072,43.381222527332056,46.815413560751665,49.739489099952834,49.739489099952834,42.02308599429216,42.02308599429216,52.2103702401771,52.2103702401771,42.02308599429216,42.02308599429216
191,42.73592457204336,42.73592457204336,43.21186821712047,46.46587070053505,49.6902408571226,49.6902408571226,40.933491386164235,40.933491386164235,52.16109302682264,52.16109302682264,40.933491386164235,40.933491386164235
192,42.07946821644333,42.07946821644333,42.42914481433991,46.10298856717742,48.39898990210844,48.39898990210844,39.76473861048078,39.76473861048078,52.10521420509343,52.10521420509343,39.76473861048078,39.76473861048078
193,42.63906416440261,42.63906416440261,42.25105574819764,45.72634270512128,48.33644939008872,48.33644939008872,38.499098808748386,38.499098808748386,52.04263080274103,52.04263080274103,38.499098808748386,38.499098808748386
194,42.3941691850826,42.3941691850826,42.06403777146295,45.33548082818106,48.26709784071278,48.26709784071278,37.10854318923043,37.10854318923043,51.97323661086858,51.97323661086858,37.10854318923043,37.10854318923043
195,42.138833933288595,42.138833933288595,41.86790220458312,44.929919988165295,48.190825655111496,48.190825655111496,35.54191920232199,35.54191920232199,51.89692202846919,51.89692202846919,35.54191920232199,35.54191920232199
196,41.87279984084745,41.87279984084745,41.662452259153156,44.50914334592409,48.10751967671206,48.10751967671206,33.67428815631638,33.67428815631638,51.813573896857974,51.813573896857974,33.67428815631638,33.67428815631638
197,41.5957952534971,41.5957952534971,41.44748250309158,45.22781214776154,48.01706301472285,48.01706301472285,34.187639312331044,34.187639312331044,51.72307532315466,51.72307532315466,34.27634814764434,34.27634814764434
198,41.307534410874155,41.307534410874155,41.22277827773604,44.79126527434164,47.919334855750094,47.919334855750094,33.915019693332624,33.915019693332624,51.62530549190069,51.62530549190069,34.011548053275305,34.011548053275305
199,41.00771631766855,41.00771631766855,40.98811506132671,44.338351893534195,47.81421026253361,47.81421026253361,33.6350603739337,33.6350603739337,51.520139463794294,51.520139463794294,33.73955179376662,33.73955179376662
200,40.69602349103843,40.69602349103843,40.17976281568991,43.86842895622442,46.46627761990976,46.46627761990976,33.34761275039284,33.34761275039284,50.172145109534085,50.172145109534085,33.46021611030392,33.46021611030392
201,40.37212056684535,40.37212056684535,39.9349180223187,43.380800910095104,46.34598133758652,46.34598133758652,33.05252359412623,33.05252359412623,50.051807977016665,50.051807977016665,33.173393418458545,33.173393418458545
202,40.03565274424807,40.03565274424807,39.67963268466167,42.87471299338603,46.2178867593301,46.2178867593301,32.74963475358487,32.74963475358487,49.923672778989726,49.923672778989726,32.87893153149088,32.87893153149088
203,39.68624404451646,39.68624404451646,39.41364823674985,42.349343335719595,46.08185014098092,46.08185014098092,32.4387828366381,32.4387828366381,49.78759576935306,49.78759576935306,32.57667336575793,32.57667336575793
204,39.32349535548565,39.32349535548565,39.136693026503735,41.80379358842811,45.93772237126433,45.93772237126433,32.11979887243166,32.11979887243166,49.64342783491253,49.64342783491253,32.266456627256844,32.266456627256844
205,38.946982227611045,38.946982227611045,38.84848129572316,41.23707772558055,45.785348664974265,45.785348664974265,31.792507951687696,31.792507951687696,49.49101418856395,49.49101418856395,31.94811347829267,31.94811347829267
206,38.55625238090778,38.55625238090778,38.54871205124675,40.64810854651398,45.62456823232617,45.62456823232617,31.456728844459974,31.456728844459974,49.33019403864512,49.33019403864512,31.621470183264194,31.621470183264194
207,38.15082287378277,38.15082287378277,37.713058265160385,40.035681258556906,44.220031583904074,44.220031583904074,31.112273594485202,31.112273594485202,49.16080023209497,49.16080023209497,31.286346732624224,31.286346732624224
208,37.45552062252551,37.45552062252551,37.40142609234425,39.3984533056975,44.04194251776181,44.04194251776181,30.758947089490334,30.758947089490334,48.98265886877226,48.98265886877226,30.942556444213267,30.942556444213267
209,37.97419555880208,37.97419555880208,37.07758349911569,38.73491930578109,43.85492454102712,43.85492454102712,30.39654660718668,30.39654660718668,48.795588883964115,48.795588883964115,30.589905541401777,30.589905541401777
210,37.55356125165565,37.55356125165565,36.741175687379666,38.0433795188311,43.658788974147285,43.658788974147285,30.02486133722107,30.02486133722107,48.599401595729034,48.599401595729034,30.228192707868516,30.228192707868516
211,37.11715597378924,37.11715597378924,36.391826681275745,38.748455436152085,43.45333902871732,43.45333902871732,29.857208619405128,29.857208619405128,48.3939002133003,48.3939002133003,29.857208619405128,29.857208619405128
212,36.6643834632485,36.6643834632485,36.02913737175476,38.02697553405778,43.238369272655746,43.238369272655746,29.476735453966853,29.476735453966853,48.17887930226016,48.17887930226016,29.565333456608016,29.565333456608016
213,36.194600691901144,36.194600691901144,35.65268331286234,37.27333445118069,43.01366504730021,43.01366504730021,29.086546382311553,29.086546382311553,47.954124201634784,47.954124201634784,29.18559337402786,29.18559337402786
214,35.7071121405524,35.7071121405524,34.78783892934359,36.484955549241135,41.54391541756587,41.54391541756587,28.68640504314112,28.68640504314112,46.48429877845348,46.48429877845348,28.79615597535758,28.79615597535758
215,35.201163102332316,35.201163102332316,34.39717950827958,35.65881384007372,41.299070624194655,41.299070624194655,28.276065008757485,28.276065008757485,46.23940379913347,46.23940379913347,28.396786831931195,28.396786831931195
216,34.67593180058219,34.67593180058219,33.99182006962775,34.791307853337116,41.04378528653763,41.04378528653763,27.8552692500524,27.8552692500524,45.98406854733946,45.98406854733946,27.987241600548884,27.987241600548884
217,34.130520049310405,34.130520049310405,33.57124379415842,33.878077498441485,40.77780083862581,40.77780083862581,27.42374961334434,27.42374961334434,45.718034454898316,45.718034454898316,27.56726550915573,27.56726550915573
218,33.563942107201854,33.563942107201854,33.13489628205855,32.91373602248893,40.50084562837969,40.50084562837969,26.98122632641565,26.98122632641565,45.44102986754797,45.44102986754797,27.136592857379583,27.136592857379583
219,32.975111272970764,32.975111272970764,32.68218130287005,31.89145842179539,40.21263389759912,40.21263389759912,26.527407557334072,26.527407557334072,45.15276902492502,45.15276902492502,26.694946549831286,26.694946549831286
220,32.36282363008689,32.36282363008689,31.78596503677886,30.802314819201627,38.67785826710576,38.67785826710576,26.061989057646656,26.061989057646656,44.85295093171942,44.85295093171942,26.242037686418314,26.242037686418314
221,31.725738157139517,31.725738157139517,31.316251062878564,29.634113757313116,38.36622609428963,38.36622609428963,25.584653931622995,25.584653931622995,44.5412581050893,44.5412581050893,25.777565242071034,25.777565242071034
222,31.06235215305884,31.06235215305884,30.8288312585845,28.36920018082958,38.04238350106107,38.04238350106107,25.09507258582937,25.09507258582937,44.21735518089622,44.21735518089622,25.30121587855791,25.30121587855791
223,30.370970547779564,30.370970547779564,30.32295115682956,26.97967114017672,37.705975689325044,37.705975689325044,24.592902928770627,24.592902928770627,43.880887358298935,43.880887358298935,24.812663943894734,24.812663943894734
224,29.63283642709439,29.63283642709439,29.797789402467856,25.414587656601043,37.35662668322112,37.35662668322112,24.07779090889892,24.07779090889892,43.53147865856732,43.53147865856732,24.311571730608023,24.311571730608023
225,30.106173531865124,30.106173531865124,29.25244854921459,23.549371501002156,36.993937373700135,36.993937373700135,23.549371501002156,23.549371501002156,43.168729969536514,43.168729969536514,23.79759008304063,23.79759008304063
226,29.38489568565285,29.38489568565285,28.322344976330328,23.270359466088223,35.3825542305683,35.3825542305683,23.270359466088223,23.270359466088223,42.79221684166191,42.79221684166191,23.270359466088223,23.270359466088223
227,28.631499766746458,28.631499766746458,27.75585434714401,22.729511632825847,34.99189480950429,34.99189480950429,22.729511632825847,22.729511632825847,42.401486994958645,42.401486994958645,22.729511632825847,22.729511632825847
228,27.843441136247748,27.843441136247748,27.167117755520167,22.174672055412657,34.58653537085246,34.58653537085246,22.174672055412657,22.174672055412657,40.761122550082234,40.761122550082234,22.174672055412657,22.174672055412657
229,27.01774967056366,27.01774967056366,26.554936755407766,21.605463310353798,34.16595909538313,34.16595909538313,21.605463310353798,21.605463310353798,40.340488242935805,40.340488242935805,21.605463310353798,21.605463310353798
230,26.150917588669472,26.150917588669472,25.91797979489553,21.021509632156665,33.72961158328326,33.72961158328326,21.021509632156665,21.021509632156665,39.90408296506939,39.90408296506939,21.021509632156665,21.021509632156665
231,25.23874407750168,25.23874407750168,24.951055933611144,20.422442863330957,32.04203103322732,32.04203103322732,20.422442863330957,20.422442863330957,39.45131045452865,39.45131045452865,20.422442863330957,20.422442863330957
232,24.276111779873645,24.276111779873645,24.28788106328966,19.80791002644895,31.57231705932702,31.57231705932702,19.80791002644895,19.80791002644895,38.9815276831813,38.9815276831813,19.80791002644895,19.80791002644895
233,23.256648518726934,23.256648518726934,23.596801256120898,19.177582717272628,31.084897255032956,31.084897255032956,19.177582717272628,19.177582717272628,38.49403913183255,38.49403913183255,19.177582717272628,19.177582717272628
234,22.172179616562346,22.172179616562346,22.875955723987545,18.531168459129333,30.579017153278016,30.579017153278016,18.531168459129333,18.531168459129333,37.98809009361247,37.98809009361247,18.531168459129333,18.531168459129333
235,21.011760201730226,21.011760201730226,22.123248780921756,17.868424064590442,30.053855398916312,30.053855398916312,17.868424064590442,17.868424064590442,37.462858791862345,37.462858791862345,17.868424064590442,17.868424064590442
236,19.759764920417865,19.759764920417865,21.116420265061777,17.1891709280942,28.273714003535133,28.273714003535133,17.1891709280942,17.1891709280942,36.91744704059056,36.91744704059056,17.1891709280942,17.1891709280942
237,18.391536312500193,18.391536312500193,20.329879226489425,16.493312046873143,27.707223374348814,27.707223374348814,16.493312046873143,16.493312046873143,36.35086909848201,36.35086909848201,16.493312046873143,16.493312046873143
238,16.861206659004097,16.861206659004097,19.506710610486664,15.780850484594566,27.118486782724972,27.118486782724972,15.780850484594566,15.780850484594566,35.76203826425092,35.76203826425092,15.780850484594566,15.780850484594566
239,15.051909022453174,15.051909022453174,18.644090457938432,15.051909022453174,26.50630578261257,26.50630578261257,15.051909022453174,15.051909022453174,35.14975062136705,35.14975062136705,15.051909022453174,15.051909022453174
240,14.306750969484028,14.306750969484028,17.59545759047228,14.306750969484028,24.634639228383946,24.634639228383946,14.306750969484028,14.306750969484028,34.51266514841967,34.51266514841967,14.306750969484028,14.306750969484028
241,13.884148641522188,13.884148641522188,16.69264828017026,13.884148641522188,23.97146435806235,23.97146435806235,13.884148641522188,13.884148641522188,33.84927914433899,33.84927914433899,13.884148641522188,13.884148641522188
242,13.127438737749628,13.127438737749628,15.745512336820184,13.127438737749628,23.280384550893586,23.280384550893586,13.127438737749628,13.127438737749628,31.923145919686363,31.923145919686363,13.127438737749628,13.127438737749628
243,12.35611787247285,12.35611787247285,14.751444202673838,12.35611787247285,22.559539018760347,22.559539018760347,12.35611787247285,12.35611787247285,29.9671584797577,29.9671584797577,12.35611787247285,12.35611787247285
244,11.571146625340589,11.571146625340589,13.669388985076466,11.571146625340589,20.572660059365774,20.572660059365774,11.571146625340589,11.571146625340589,27.979172286693313,27.979172286693313,11.571146625340589,11.571146625340589
245,10.773787817045786,10.773787817045786,12.63824259890913,10.773787817045786,19.78611902079342,19.78611902079342,10.773787817045786,10.773787817045786,25.956783599770688,25.956783599770688,10.773787817045786,10.773787817045786
246,9.965684819212584,9.965684819212584,11.561982523924257,9.965684819212584,18.96295040479066,18.96295040479066,9.965684819212584,9.965684819212584,23.897353973227553,23.897353973227553,9.965684819212584,9.965684819212584
247,9.148982155595718,9.148982155595718,10.466585499428334,9.148982155595718,16.869093799050233,16.869093799050233,9.148982155595718,9.148982155595718,21.798136363389858,21.798136363389858,9.148982155595718,9.148982155595718
248,8.32651863216654,8.32651863216654,9.379641421160159,8.32651863216654,15.966284488748215,15.966284488748215,8.32651863216654,8.32651863216654,19.656632753009717,19.656632753009717,8.32651863216654,8.32651863216654
249,7.502146784203887,7.502146784203887,8.26153430408226,7.502146784203887,15.019148545398139,15.019148545398139,7.502146784203887,7.502146784203887,17.471434467068093,17.471434467068093,7.502146784203887,7.502146784203887
250,6.68127841079081,6.68127841079081,7.219703027502078,6.68127841079081,12.810546593754225,12.810546593754225,6.68127841079081,6.68127841079081,15.24396623424218,15.24396623424218,6.68127841079081,6.68127841079081
251,5.871855660886467,5.871855660886467,6.162470607491969,5.871855660886467,11.779400207586889,11.779400207586889,5.871855660886467,5.871855660886467,12.981678774499017,12.981678774499017,5.871855660886467,5.871855660886467
252,5.086212208595612,5.086212208595612,5.2019202798511515,5.086212208595612,9.532466667394715,9.532466667394715,5.086212208595612,5.086212208595612,10.703140132602016,10.703140132602016,5.086212208595612,5.086212208595612
253,4.345254793447566,4.345254793447566,4.345254793447566,4.345254793447566,8.44552258912654,8.44552258912654,4.345254793447566,4.345254793447566,8.44552258912654,8.44552258912654,4.345254793447566,4.345254793447566
254,3.6917327659419925,3.6917327659419925,3.6917327659419925,3.6917327659419925,6.277608448150659,6.277608448150659,3.6917327659419925,3.6917327659419925,6.277608448150659,6.277608448150659,3.6917327659419925,3.6917327659419925
255,3.285168340628502,3.285168340628502,3.285168340628502,3.285168340628502,4.335676837524829,4.335676837524829,3.285168340628502,3.285168340628502,4.335676837524829,4.335676837524829,3.285168340628502,3.285168340628502
256,3.0185938543299926,3.0185938543299926,3.0185938543299926,3.0185938543299926,3.0185938543299926,3.0185938543299926,3.0185938543299926,3.0185938543299926,3.0185938543299926,3.0185938543299926,3.0185938543299926,3.0185938543299926
